{
  "speed": {
    "mean": 111.4710922241211,
    "std": 36.10648727416992
  },
  "course": {
    "mean": 156.00299072265625,
    "std": 89.38024139404297
  },
  "dist": {
    "mean": 1098.1802978515625,
    "std": 5961.81689453125
  }
}